title,price_uf,price_clp,m2_utiles,uf_per_m2,zona_uf_m2,bedrooms_n,parking,gastos_comunes_clp,barrio,first_seen_date,url
Depto / Metro Los Leones,4500.0,183801555.0,93.0,48.39,94.0,3.0,0.0,155000.0,Los Leones,2026-07-18,https://www.portalinmobiliario.com/MLC-4198200752-depto-metro-los-leones-_JM
Metro Santa Isabel / 3 Dormitorios 2 Baños,4200.0,171548118.0,85.0,49.41,73.0,3.0,0.0,30000.0,Barrio Italia,2026-07-18,https://www.portalinmobiliario.com/MLC-4198500546-metro-santa-isabel-3-dormitorios-2-banos-_JM
"Depto 4 Dormitorios, 2 Baños, 90 M2 (75040)",4990.0,203815502.0,90.0,55.44,94.0,4.0,0.0,120000.0,Pedro De Valdivia,2026-07-20,https://www.portalinmobiliario.com/MLC-4209724852-depto-4-dormitorios-2-banos-90-m2-75040-_JM
Venta Depto 3 Habitaciones 2 Baños - Metro Los Leones (5301),4600.0,187886034.0,79.0,58.23,94.0,3.0,0.0,180000.0,Los Leones,2026-07-19,https://www.portalinmobiliario.com/MLC-4203939854-venta-depto-3-habitaciones-2-banos-metro-los-leones-5301-_JM
Departamento En Venta De 4 Dorm. En Providencia,5400.0,220561866.0,92.0,58.7,80.0,4.0,0.0,100000.0,Salvador,2026-07-20,https://www.portalinmobiliario.com/MLC-4146254574-departamento-en-venta-de-4-dorm-en-providencia-_JM
Departamento En Venta De 4 Dorm. En Providencia,5500.0,224646345.0,90.0,61.11,94.0,4.0,0.0,110000.0,Pedro De Valdivia,2026-07-19,https://www.portalinmobiliario.com/MLC-3960426866-departamento-en-venta-de-4-dorm-en-providencia-_JM
Primer Piso Con Jardin Propio Ideal Para Remodelar,5600.0,228730824.0,86.0,65.12,85.0,3.0,1.0,100000.0,Campus Oriente,2026-07-20,https://www.portalinmobiliario.com/MLC-4208897282-primer-piso-con-jardin-propio-ideal-para-remodelar-_JM
Conectividad Y Confort Garantizados (170733),4300.0,175632597.0,65.0,66.15,84.0,2.0,0.0,0.0,Inés De Suárez,2026-07-17,https://www.portalinmobiliario.com/MLC-4198492680-conectividad-y-confort-garantizados-170733-_JM
"Cercano A Colegios:  Mariano, Sagrados Corazones, Regina Pac",4900.0,200139471.0,74.0,66.22,84.0,3.0,1.0,57000.0,Campus Oriente,2026-07-18,https://www.portalinmobiliario.com/MLC-4198327076-cercano-a-colegios-mariano-sagrados-corazones-regina-pac-_JM
"Se Vende Departamento Remodelado Con Máxima Seguridad, Frent",4404.5,179900000.0,66.0,66.73,84.0,3.0,0.0,140000.0,Campus Oriente,2026-07-18,https://www.portalinmobiliario.com/MLC-4201707146-se-vende-departamento-remodelado-con-maxima-seguridad-frent-_JM
Amplio Departamento A La Salida Del Metro Los Leones,5875.7,239990000.0,85.0,69.13,94.0,2.0,0.0,80000.0,Los Leones,2026-07-18,https://www.portalinmobiliario.com/MLC-4201706584-amplio-departamento-a-la-salida-del-metro-los-leones-_JM
Venta Depto Santiago Centro 3 Dorm Y 3 Baños Providencia,6290.0,256913729.0,90.0,69.89,80.0,3.0,0.0,130000.0,Plaza Italia,2026-07-18,https://www.portalinmobiliario.com/MLC-4198325742-venta-depto-santiago-centro-3-dorm-y-3-banos-providencia-_JM
Lindo Departamento En Juana  De  Lestonac Providencia,4294.0,175387528.0,61.0,70.39,82.0,2.0,0.0,50000.0,Plaza Italia,2026-07-18,https://www.portalinmobiliario.com/MLC-4201707636-lindo-departamento-en-juana-de-lestonac-providencia-_JM
Venta Dpto Remodelado 3dormitorios 2baños Estacionamiento,6690.0,273251645.0,94.0,71.17,138.0,3.0,1.0,180000.0,Metro Bilbao,2026-07-18,https://www.portalinmobiliario.com/MLC-4201744688-venta-dpto-remodelado-3dormitorios-2banos-estacionamiento-_JM
"Andres De Fuenzalida, Remodelado",6100.0,249153219.0,85.0,71.76,94.0,3.0,0.0,100000.0,Los Leones,2026-07-18,https://www.portalinmobiliario.com/MLC-2068828621-andres-de-fuenzalida-remodelado-_JM
Depto 2 Dormitorios 2 Baños Metro Manuel Montt,4550.0,185843794.0,63.0,72.22,98.0,2.0,0.0,150000.0,Manuel Montt,2026-07-18,https://www.portalinmobiliario.com/MLC-4198325300-depto-2-dormitorios-2-banos-metro-manuel-montt-_JM
Remodelado 2d/2b | Barrio Italia | Metro Parque Bustamante,5800.0,236899782.0,80.0,72.5,,2.0,1.0,,Barrio Italia,2026-07-17,https://www.portalinmobiliario.com/MLC-2039832321-remodelado-2d2b-barrio-italia-metro-parque-bustamante-_JM
Oportunidad Remodelado A Pasos Del Metro,6190.0,252829250.0,85.0,72.82,94.0,2.0,0.0,140000.0,Los Leones,2026-07-18,https://www.portalinmobiliario.com/MLC-4201707202-oportunidad-remodelado-a-pasos-del-metro-_JM
Amplio Studio 42m2 Ubicacion Excepcional  (170799),3100.0,126618849.0,42.0,73.81,112.0,1.0,0.0,50000.0,Chile,2026-07-17,https://www.portalinmobiliario.com/MLC-4198492614-amplio-studio-42m2-ubicacion-excepcional-170799-_JM
Loft Metro Manuel Montt. Apto Airbnb,4333.5,177000000.0,57.0,76.03,98.0,1.0,1.0,170000.0,Manuel Montt,2026-07-20,https://www.portalinmobiliario.com/MLC-2070931427-loft-metro-manuel-montt-apto-airbnb-_JM
Departamento En ¡ Venta ! Providencia,3655.0,149287707.0,48.0,76.15,81.0,2.0,0.0,,Barrio Italia,2026-07-19,https://www.portalinmobiliario.com/MLC-4203943108-departamento-en-venta-providencia-_JM
Venta Departamento 2hab 2ba Providencia,5641.0,230405460.0,74.0,76.23,68.0,2.0,1.0,180000.0,Barrio Italia,2026-07-20,https://www.portalinmobiliario.com/MLC-2011911951-venta-departamento-2hab-2ba-providencia-_JM
Venta De Departamento De 3 Dormitorios.sector Parque Ines De,6500.0,265491135.0,84.0,77.38,85.0,3.0,1.0,160000.0,Inés De Suárez,2026-07-18,https://www.portalinmobiliario.com/MLC-4201743910-venta-de-departamento-de-3-dormitoriossector-parque-ines-de-_JM
Vive Con Comodidad Y Excelente Ubicación,4800.0,196054992.0,62.0,77.42,68.0,2.0,1.0,200000.0,Bellavista,2026-07-18,https://www.portalinmobiliario.com/MLC-4198197136-vive-con-comodidad-y-excelente-ubicacion-_JM
Venta Departamento Providencia,6200.0,253237698.0,80.0,77.5,94.0,3.0,0.0,0.0,Pedro De Valdivia,2026-07-20,https://www.portalinmobiliario.com/MLC-4206490292-venta-departamento-providencia-_JM
"Providencia, Buscamos Departamentos",5500.0,224646345.0,70.0,78.57,112.0,2.0,1.0,11111.0,Campus Oriente,2026-07-18,https://www.portalinmobiliario.com/MLC-4201705404-providencia-buscamos-departamentos-_JM
Metro Inés De Suárez / Pocuro - Pedro De Valdivia,7000.0,285913530.0,89.0,78.65,85.0,2.0,1.0,180000.0,Pedro De Valdivia,2026-07-18,https://www.portalinmobiliario.com/MLC-2068822359-metro-ines-de-suarez-pocuro-pedro-de-valdivia-_JM
Remodelado Duplex De 2d2b A Pasos De Metro Manuel Montt,7200.0,294082488.0,90.0,80.0,94.0,2.0,0.0,40000.0,Pedro De Valdivia,2026-07-19,https://www.portalinmobiliario.com/MLC-2070925703-remodelado-duplex-de-2d2b-a-pasos-de-metro-manuel-montt-_JM
Grace Kelm Vende Espacioso Depto Gran Terraza De 3 Dorm Y 3,7200.0,294082488.0,90.0,80.0,94.0,3.0,1.0,125000.0,Los Leones,2026-07-18,https://www.portalinmobiliario.com/MLC-4201706426-grace-kelm-vende-espacioso-depto-gran-terraza-de-3-dorm-y-3-_JM
Amplio Departamento En Providencia 2 Dormitorios 2b 1e1bo,5600.0,228730824.0,70.0,80.0,98.0,2.0,1.0,280000.0,Los Leones,2026-07-18,https://www.portalinmobiliario.com/MLC-2069469175-amplio-departamento-en-providencia-2-dormitorios-2b-1e1bo-_JM
3 Dorm+2 Baños 80 Mts2 - Sin Estac.,6250.0,255279938.0,78.0,80.13,98.0,3.0,0.0,170000.0,Las Lilas,2026-07-18,https://www.portalinmobiliario.com/MLC-2068832575-3-dorm2-banos-80-mts2-sin-estac-_JM
"A Pasos Metro Tobalaba, Conserjería 24/7, Barrio Seguro",6200.0,253237698.0,77.0,80.52,98.0,2.0,1.0,220000.0,Metro Tobalaba - Mall Costanera,2026-07-20,https://www.portalinmobiliario.com/MLC-3741583672-a-pasos-metro-tobalaba-conserjeria-247-barrio-seguro-_JM
Departamento En Venta De 3 Dorm. En Providencia,7499.0,306295080.0,92.0,81.51,94.0,3.0,1.0,150000.0,Manuel Montt,2026-07-18,https://www.portalinmobiliario.com/MLC-4198494134-departamento-en-venta-de-3-dorm-en-providencia-_JM
Departamento En Venta De 3 Dorm. En Providencia,7499.0,306295080.0,92.0,81.51,94.0,3.0,1.0,150000.0,Manuel Montt,2026-07-20,https://www.portalinmobiliario.com/MLC-4206489696-departamento-en-venta-de-3-dorm-en-providencia-_JM
Excelente Departamento Metro Manuel Montt (171371),6290.0,256913729.0,76.0,82.76,84.0,2.0,1.0,180000.0,Manuel Montt,2026-07-19,https://www.portalinmobiliario.com/MLC-2071198175-excelente-departamento-metro-manuel-montt-171371-_JM
Luminoso Y Amplio Departamento De 3d + 2b En Providencia,7000.0,285913530.0,84.0,83.33,82.0,3.0,1.0,145000.0,Inés De Suárez,2026-07-19,https://www.portalinmobiliario.com/MLC-3894935818-luminoso-y-amplio-departamento-de-3d-2b-en-providencia-_JM
Departamento En Venta De 3 Dorm. En Providencia,7750.0,316547122.0,93.0,83.33,,3.0,1.0,,Las Lilas,2026-07-20,https://www.portalinmobiliario.com/MLC-4143962996-departamento-en-venta-de-3-dorm-en-providencia-_JM
Departamento Metro Los Leones 2d 2b Y Estacionamiento,4850.0,198097232.0,58.0,83.62,98.0,2.0,1.0,230000.0,Los Leones,2026-07-20,https://www.portalinmobiliario.com/MLC-4209022406-departamento-metro-los-leones-2d-2b-y-estacionamiento-_JM
"Remodelado, Vista Norte, Dos Dormitorios Estacionamiento",4950.0,202181710.0,59.0,83.9,68.0,2.0,1.0,80000.0,Barrio Italia,2026-07-19,https://www.portalinmobiliario.com/MLC-2068821979-remodelado-vista-norte-dos-dormitorios-estacionamiento-_JM
Hermoso Depto En Venta En Providencia,5900.0,240984261.0,70.0,84.29,98.0,2.0,1.0,89000.0,Los Leones,2026-07-19,https://www.portalinmobiliario.com/MLC-2069547893-hermoso-depto-en-venta-en-providencia-_JM
Amplio Departamento En Providencia 3 Dormitorios 3b 2e 1bo,6415.0,262019328.0,76.0,84.41,98.0,3.0,1.0,180000.0,Pedro De Valdivia,2026-07-20,https://www.portalinmobiliario.com/MLC-2070931257-amplio-departamento-en-providencia-3-dormitorios-3b-2e-1bo-_JM
Departamento Venta Providencia /3 Dorm / 2 Baños,7100.0,289998009.0,84.0,84.52,82.0,3.0,1.0,145000.0,Inés De Suárez,2026-07-18,https://www.portalinmobiliario.com/MLC-4201736920-departamento-venta-providencia-3-dorm-2-banos-_JM
"Amplitud, Seguridad Y Plusvalía",7290.0,297758519.0,86.0,84.77,85.0,3.0,1.0,210000.0,Campus Oriente,2026-07-18,https://www.portalinmobiliario.com/MLC-4021113124-amplitud-seguridad-y-plusvalia-_JM
La Minga - Impecable Depto Mariposa 2d/2b En Barrio Italia,5600.0,228730824.0,66.0,84.85,65.0,2.0,1.0,190000.0,Barrio Italia,2026-07-20,https://www.portalinmobiliario.com/MLC-4063704606-la-minga-impecable-depto-mariposa-2d2b-en-barrio-italia-_JM
Venta Departamento Providencia,7990.0,326349872.0,94.0,85.0,95.0,4.0,1.0,300000.0,Las Lilas,2026-07-19,https://www.portalinmobiliario.com/MLC-4203939412-venta-departamento-providencia-_JM
Providencia 3d+2b+dorm. Serv+b+e+bod. Las Lilas,7990.0,326349872.0,94.0,85.0,,4.0,1.0,,Las Lilas,2026-07-18,https://www.portalinmobiliario.com/MLC-4155685302-providencia-3d2bdorm-servbebod-las-lilas-_JM
En Venta | Departamento Con Gran Potencial En Plaza Las Lila,6800.0,277744572.0,80.0,85.0,95.0,2.0,1.0,190000.0,Las Lilas,2026-07-18,https://www.portalinmobiliario.com/MLC-4201732136-en-venta-departamento-con-gran-potencial-en-plaza-las-lila-_JM
Oportunidad En Providencia Depto 3 Dormitorios Con Suite,6300.0,257322177.0,74.0,85.14,84.0,3.0,1.0,120000.0,Salvador,2026-07-18,https://www.portalinmobiliario.com/MLC-2068821713-oportunidad-en-providencia-depto-3-dormitorios-con-suite-_JM
"3 Dorm, 88 Mts2 Nor Oriente, Llewellyn Jones",6900.0,281829051.0,80.0,86.25,94.0,3.0,1.0,170000.0,Las Lilas,2026-07-19,https://www.portalinmobiliario.com/MLC-2070813935-3-dorm-88-mts2-nor-oriente-llewellyn-jones-_JM
Miguel Claro - Alférez Real / Oportunidad De Precio,6500.0,265491135.0,75.0,86.67,84.0,3.0,1.0,150000.0,Manuel Montt,2026-07-18,https://www.portalinmobiliario.com/MLC-2068835883-miguel-claro-alferez-real-oportunidad-de-precio-_JM
Se Vende Departamento En Providencia |ub Propiedades|,6732.8,275000000.0,77.0,87.44,104.0,3.0,1.0,180000.0,Las Lilas,2026-07-18,https://www.portalinmobiliario.com/MLC-4201745488-se-vende-departamento-en-providencia-ub-propiedades-_JM
Departamento En Venta  Providencia,6200.0,253237698.0,70.0,88.57,98.0,2.0,1.0,195000.0,Las Lilas,2026-07-19,https://www.portalinmobiliario.com/MLC-2071199253-departamento-en-venta-providencia-_JM
"Grace Kelm Vende Espacioso Depto De 3 Dorm Y 3 Baños, Gran T",7990.0,326349872.0,90.0,88.78,94.0,3.0,1.0,125000.0,Los Leones,2026-07-18,https://www.portalinmobiliario.com/MLC-4201746236-grace-kelm-vende-espacioso-depto-de-3-dorm-y-3-banos-gran-t-_JM
Lindo Departamento,8200.0,334927278.0,92.0,89.13,94.0,3.0,1.0,190000.0,Las Lilas,2026-07-20,https://www.portalinmobiliario.com/MLC-4206489154-lindo-departamento-_JM
Amoblado 1d/1b | Parque Bustamante,3574.5,146000000.0,40.0,89.36,,1.0,0.0,,Barrio Italia,2026-07-17,https://www.portalinmobiliario.com/MLC-2039844925-amoblado-1d1b-parque-bustamante-_JM
Excelente Departamento En Venta 2 Dormitorios + Servicio Ped,6818.0,278479778.0,76.0,89.71,98.0,3.0,0.0,80000.0,Pedro De Valdivia,2026-07-20,https://www.portalinmobiliario.com/MLC-2004391377-excelente-departamento-en-venta-2-dormitorios-servicio-ped-_JM
Departamento En Venta En Providencia,5750.0,234857542.0,64.0,89.84,98.0,1.0,0.0,200000.0,Los Leones,2026-07-18,https://www.portalinmobiliario.com/MLC-4201707196-departamento-en-venta-en-providencia-_JM
"Marcel Duhaut, Las Lilas. Departamento, Excelente Ubicación",8100.0,330842799.0,90.0,90.0,94.0,3.0,2.0,250000.0,Las Lilas,2026-07-19,https://www.portalinmobiliario.com/MLC-2070814289-marcel-duhaut-las-lilas-departamento-excelente-ubicacion-_JM
Venta  Dpto 2 D 2 B 83 M2 Cocina Cerrada Providencia,6750.0,275702332.0,75.0,90.0,98.0,2.0,1.0,150000.0,Pedro De Valdivia,2026-07-20,https://www.portalinmobiliario.com/MLC-4206493880-venta-dpto-2-d-2-b-83-m2-cocina-cerrada-providencia-_JM
"Recién Remodelado, 3d, 2b Willie Arthur  (165068)",7400.0,302251446.0,82.0,90.24,85.0,3.0,1.0,200000.0,Inés De Suárez,2026-07-20,https://www.portalinmobiliario.com/MLC-4209026208-recien-remodelado-3d-2b-willie-arthur-165068-_JM
"Depto En Venta Ricardo Lyon,  Moderno",6590.0,269167166.0,73.0,90.27,84.0,2.0,1.0,90000.0,Campus Oriente,2026-07-18,https://www.portalinmobiliario.com/MLC-4201742512-depto-en-venta-ricardo-lyon-moderno-_JM
"Departamento 2 Dorm 1 Baño, Cocina Remodelada Providencia",5600.0,228730824.0,62.0,90.32,84.0,2.0,1.0,280000.0,,2026-07-20,https://www.portalinmobiliario.com/MLC-4206492798-departamento-2-dorm-1-bano-cocina-remodelada-providencia-_JM
Espacioso Hogar Con Excelente Conectividad (152826),6000.0,245068740.0,66.0,90.91,84.0,2.0,1.0,150000.0,Inés De Suárez,2026-07-17,https://www.portalinmobiliario.com/MLC-4198492816-espacioso-hogar-con-excelente-conectividad-152826-_JM
En Providencia Departamento 2d 2b Con Vista Verde,6200.0,253237698.0,67.0,92.54,84.0,2.0,1.0,190000.0,Pedro De Valdivia,2026-07-18,https://www.portalinmobiliario.com/MLC-2068831005-en-providencia-departamento-2d-2b-con-vista-verde-_JM
Vendo Departamento 2d 2b Cerca Metro Provid,5200.0,212392908.0,56.0,92.86,98.0,2.0,0.0,140000.0,Manuel Montt,2026-07-19,https://www.portalinmobiliario.com/MLC-2069547793-vendo-departamento-2d-2b-cerca-metro-provid-_JM
Sin Comision Duplex Nuevos Puro Estilo (136740),7437.0,303762703.0,80.0,92.96,95.0,2.0,1.0,160000.0,Metro Bilbao,2026-07-20,https://www.portalinmobiliario.com/MLC-4209724744-sin-comision-duplex-nuevos-puro-estilo-136740-_JM
"Depto 1d1b Estac Y Bodega, Metro Ines De Suarez, Providencia",4499.0,183760710.0,48.0,93.73,112.0,1.0,1.0,1.0,Inés De Suárez,2026-07-18,https://www.portalinmobiliario.com/MLC-4201713048-depto-1d1b-estac-y-bodega-metro-ines-de-suarez-providencia-_JM
"Amplio Dpto En Venta De 1 Dorm, 1 Esta, 1 Bod En Providencia",4977.0,203284520.0,53.0,93.91,,1.0,2.0,,Los Leones,2026-07-18,https://www.portalinmobiliario.com/MLC-4198499636-amplio-dpto-en-venta-de-1-dorm-1-esta-1-bod-en-providencia-_JM
"Departamento En Venta De 1 Dorm1 Baño, Dúplex En Providencia",5750.0,234857542.0,61.0,94.26,98.0,1.0,1.0,120000.0,Manuel Montt,2026-07-18,https://www.portalinmobiliario.com/MLC-4201703864-departamento-en-venta-de-1-dorm1-bano-duplex-en-providencia-_JM
"Plaza Las Lilas, Providencia En Venta",9370.0,382715682.0,99.0,94.65,,2.0,1.0,,Las Lilas,2026-07-20,https://www.portalinmobiliario.com/MLC-2072645223-plaza-las-lilas-providencia-en-venta-_JM
"Plaza Las Lilas, Providencia En Venta",9370.0,382715682.0,99.0,94.65,,2.0,1.0,,Las Lilas,2026-07-17,https://www.portalinmobiliario.com/MLC-4098487914-plaza-las-lilas-providencia-en-venta-_JM
"Departamento En Venta, 2 Dormitorios, Providencia",6650.0,271617854.0,70.0,95.0,84.0,2.0,1.0,215000.0,Campus Oriente,2026-07-18,https://www.portalinmobiliario.com/MLC-2068807939-departamento-en-venta-2-dormitorios-providencia-_JM
Departamento Nuevo En Venta De 2 Dorm. En Providencia,7350.0,300209206.0,77.0,95.45,84.0,2.0,1.0,190000.0,Campus Oriente,2026-07-19,https://www.portalinmobiliario.com/MLC-2071198687-departamento-nuevo-en-venta-de-2-dorm-en-providencia-_JM
Hermoso Departamento En Providencia 2 Dormitorios 3b 2e1bo,7990.0,326349872.0,83.0,96.27,85.0,2.0,2.0,170000.0,Campus Oriente,2026-07-18,https://www.portalinmobiliario.com/MLC-4202057728-hermoso-departamento-en-providencia-2-dormitorios-3b-2e1bo-_JM
Vende Dueño!! A Pasos Metro Ines De Suarez!,3580.0,146224348.0,37.0,96.76,112.0,2.0,1.0,155000.0,Inés De Suárez,2026-07-18,https://www.portalinmobiliario.com/MLC-4201742730-vende-dueno-a-pasos-metro-ines-de-suarez-_JM
Pocuro Con Los Leones. Remodelado,7000.0,285913530.0,72.0,97.22,,2.0,0.0,,Las Lilas,2026-07-17,https://www.portalinmobiliario.com/MLC-4103973442-pocuro-con-los-leones-remodelado-_JM
Amplio Depto Providencia 3d3b Cerca Metro Parque,9450.0,385983266.0,97.0,97.42,85.0,3.0,1.0,220000.0,Inés De Suárez,2026-07-19,https://www.portalinmobiliario.com/MLC-4205362492-amplio-depto-providencia-3d3b-cerca-metro-parque-_JM
Cómodo Y Espacioso Depto En Pocuro Providencia,5900.0,240984261.0,60.0,98.33,98.0,2.0,1.0,190000.0,Los Leones,2026-07-18,https://www.portalinmobiliario.com/MLC-4201746062-comodo-y-espacioso-depto-en-pocuro-providencia-_JM
Suecia / Carlos Antunez,7300.0,298166967.0,74.0,98.65,98.0,2.0,2.0,300000.0,Los Leones,2026-07-18,https://www.portalinmobiliario.com/MLC-2068832439-suecia-carlos-antunez-_JM
Departamento Providencia Oriente,7500.0,306335925.0,76.0,98.68,,3.0,1.0,,Pedro De Valdivia,2026-07-17,https://www.portalinmobiliario.com/MLC-2013000995-departamento-providencia-oriente-_JM
Plaza Las Lilas,8900.0,363518631.0,90.0,98.89,95.0,1.0,2.0,130000.0,Las Lilas,2026-07-18,https://www.portalinmobiliario.com/MLC-2068810075-plaza-las-lilas-_JM
Departamento En Venta En Providencia,9000.0,367603110.0,91.0,98.9,94.0,3.0,1.0,70000.0,Pedro De Valdivia Norte,2026-07-20,https://www.portalinmobiliario.com/MLC-4100171660-departamento-en-venta-en-providencia-_JM
Departamento Nuevo En Venta De 3 Dorm. En Providencia,9500.0,388025505.0,96.0,98.96,85.0,3.0,1.0,290000.0,Campus Oriente,2026-07-19,https://www.portalinmobiliario.com/MLC-2070929565-departamento-nuevo-en-venta-de-3-dorm-en-providencia-_JM
Dos Dormitorios Y Dos Baños En Providencia (171520),6500.0,265491135.0,65.0,100.0,84.0,2.0,1.0,200000.0,Campus Oriente,2026-07-20,https://www.portalinmobiliario.com/MLC-4209724496-dos-dormitorios-y-dos-banos-en-providencia-171520-_JM
Dos Dormitorios Y Dos Baños En Providencia (171520),6500.0,265491135.0,65.0,100.0,84.0,2.0,1.0,200000.0,Campus Oriente,2026-07-19,https://www.portalinmobiliario.com/MLC-4097816814-dos-dormitorios-y-dos-banos-en-providencia-171520-_JM
"Depto En Venta De 2 Dorm, Plaza Las Lilas, Providencia",6340.0,258955969.0,63.0,100.63,,2.0,1.0,,Las Lilas,2026-07-18,https://www.portalinmobiliario.com/MLC-4198330984-depto-en-venta-de-2-dorm-plaza-las-lilas-providencia-_JM
Exclusivo Duplex / Silvina Hurtado - Matilde Salamanca,7900.0,322673841.0,78.0,101.28,98.0,2.0,1.0,,Pedro De Valdivia,2026-07-18,https://www.portalinmobiliario.com/MLC-2068833201-exclusivo-duplex-silvina-hurtado-matilde-salamanca-_JM
Excelente Departamento,6490.0,265082687.0,64.0,101.41,84.0,2.0,1.0,150000.0,Inés De Suárez,2026-07-20,https://www.portalinmobiliario.com/MLC-4034190100-excelente-departamento-_JM
Departamento En Venta De 2 Dorm. En Providencia,6500.0,265491135.0,64.0,101.56,84.0,2.0,1.0,150000.0,Barrio Italia,2026-07-19,https://www.portalinmobiliario.com/MLC-2071198601-departamento-en-venta-de-2-dorm-en-providencia-_JM
Venta De Departamento A Pasos De Barrio Italia,6500.0,265491135.0,64.0,101.56,65.0,2.0,0.0,190000.0,Barrio Italia,2026-07-18,https://www.portalinmobiliario.com/MLC-4198196490-venta-de-departamento-a-pasos-de-barrio-italia-_JM
Exclusivo 3d2b En Holanda/eliodoro Yáñez Con Gran Ubicación,8650.0,353307434.0,85.0,101.76,94.0,3.0,1.0,220000.0,Las Lilas,2026-07-18,https://www.portalinmobiliario.com/MLC-2068807971-exclusivo-3d2b-en-holandaeliodoro-yanez-con-gran-ubicacion-_JM
"Depto., 2d/3b, 116 Mts², El Vergel",9800.0,400278942.0,96.0,102.08,95.0,2.0,1.0,250000.0,Las Lilas,2026-07-18,https://www.portalinmobiliario.com/MLC-2068810389-depto-2d3b-116-mts-el-vergel-_JM
"Departamento Venta Metro Bilbao, 3 Dorm. Providencia",8500.0,347180715.0,82.0,103.66,95.0,3.0,1.0,187000.0,Metro Bilbao,2026-07-18,https://www.portalinmobiliario.com/MLC-4201744448-departamento-venta-metro-bilbao-3-dorm-providencia-_JM
Depto. Bellavista Canal 13,5400.0,220561866.0,52.0,103.85,,2.0,1.0,,Bellavista,2026-07-17,https://www.portalinmobiliario.com/MLC-4112430832-depto-bellavista-canal-13-_JM
"Amplio, 3d, Orientación Sur, Oriente Y Poniente",9600.0,392109984.0,91.0,105.49,85.0,3.0,1.0,320000.0,Inés De Suárez,2026-07-20,https://www.portalinmobiliario.com/MLC-4101806130-amplio-3d-orientacion-sur-oriente-y-poniente-_JM
Deptos Nuevos Sin Comisión- 2d2b - Sector Diego De Almagro,7806.0,318834431.0,74.0,105.49,84.0,2.0,0.0,0.0,Los Leones Con Bustos,2026-07-20,https://www.portalinmobiliario.com/MLC-4209724768-deptos-nuevos-sin-comision-2d2b-sector-diego-de-almagro-_JM
"Depto Orientación Norte, Terraza Y Confort Premium",4760.0,194421200.0,45.0,105.78,82.0,1.0,1.0,190000.0,Salvador,2026-07-19,https://www.portalinmobiliario.com/MLC-4100163808-depto-orientacion-norte-terraza-y-confort-premium-_JM
Oportunidad  En Providencia! Amplio Depto 2 Estacionamientos,8999.0,367562265.0,85.0,105.87,85.0,3.0,2.0,0.0,Inés De Suárez,2026-07-20,https://www.portalinmobiliario.com/MLC-4050154424-oportunidad-en-providencia-amplio-depto-2-estacionamientos-_JM
"Depto 1d/1b En Providencia Con Balcón, Estacionamiento, Bod",5200.0,212392908.0,49.0,106.12,112.0,1.0,1.0,150000.0,,2026-07-20,https://www.portalinmobiliario.com/MLC-4151716156-depto-1d1b-en-providencia-con-balcon-estacionamiento-bod-_JM
Venta De Departamento Excelente Ubicación 2 Estacionamientos,10550.0,430912534.0,98.0,107.65,94.0,3.0,2.0,330000.0,Las Lilas,2026-07-20,https://www.portalinmobiliario.com/MLC-4208896988-venta-de-departamento-excelente-ubicacion-2-estacionamientos-_JM
Moderno Depto En Venta 2d+2b+1e Providencia,7900.0,322673841.0,73.0,108.22,98.0,2.0,1.0,250000.0,Pedro De Valdivia,2026-07-17,https://www.portalinmobiliario.com/MLC-2066886169-moderno-depto-en-venta-2d2b1e-providencia-_JM
Venta Hermoso Departamento Con Excelente Ubicación,8890.0,363110183.0,82.0,108.41,85.0,3.0,2.0,190000.0,Inés De Suárez,2026-07-19,https://www.portalinmobiliario.com/MLC-1960284959-venta-hermoso-departamento-con-excelente-ubicacion-_JM
Diego De Velasquez 2087 / Metro Pedro De Valdivia,3479.0,142099024.0,32.0,108.72,154.0,1.0,0.0,105000.0,,2026-07-19,https://www.portalinmobiliario.com/MLC-4120767094-diego-de-velasquez-2087-metro-pedro-de-valdivia-_JM
Primer Piso // Plaza Dinamarca (170824),3700.0,151125723.0,34.0,108.82,138.0,1.0,1.0,72000.0,Metro Bilbao,2026-07-17,https://www.portalinmobiliario.com/MLC-4198492590-primer-piso-plaza-dinamarca-170824-_JM
Hermoso Y Moderno Departamento En Providencia,10800.0,441123732.0,99.0,109.09,94.0,3.0,1.0,,Los Leones,2026-07-20,https://www.portalinmobiliario.com/MLC-2022494857-hermoso-y-moderno-departamento-en-providencia-_JM
2d/2b | Dúplex | Barrio Las Lilas,7200.0,294082488.0,66.0,109.09,,2.0,1.0,,Las Lilas,2026-07-17,https://www.portalinmobiliario.com/MLC-4105684598-2d2b-duplex-barrio-las-lilas-_JM
Venta Departamento En Providencia,5800.0,236899782.0,53.0,109.43,84.0,1.0,0.0,170000.0,Las Lilas,2026-07-18,https://www.portalinmobiliario.com/MLC-4201731324-venta-departamento-en-providencia-_JM
Departamento 2 Dormitorios 2 Baños  Brabarzon -el Bosque,6900.0,281829051.0,63.0,109.52,104.0,2.0,1.0,0.0,Las Lilas,2026-07-20,https://www.portalinmobiliario.com/MLC-2071200537-departamento-2-dormitorios-2-banos-brabarzon-el-bosque-_JM
Perez Valenzuela,5490.0,224237897.0,50.0,109.8,154.0,2.0,1.0,132000.0,Manuel Montt,2026-07-18,https://www.portalinmobiliario.com/MLC-4201705892-perez-valenzuela-_JM
Moderno!! Con Gran Terraza!! Excelentes Terminaciones!,7950.0,324716080.0,72.0,110.42,98.0,2.0,1.0,200000.0,Los Leones,2026-07-18,https://www.portalinmobiliario.com/MLC-4201747078-moderno-con-gran-terraza-excelentes-terminaciones-_JM
Sin Comisión!! En La Mejor Ubicación De Providencia,8887.0,362987649.0,80.0,111.09,,2.0,1.0,,Inés De Suárez,2026-07-18,https://www.portalinmobiliario.com/MLC-4198196464-sin-comision-en-la-mejor-ubicacion-de-providencia-_JM
Sin Comisión!! En La Mejor Ubicación De Providencia,8887.0,362987649.0,80.0,111.09,,2.0,1.0,,Inés De Suárez,2026-07-17,https://www.portalinmobiliario.com/MLC-2011925817-sin-comision-en-la-mejor-ubicacion-de-providencia-_JM
"Dupla Entre Seguridad Y Conformidad, Algo Que Confortable",8462.8,345660000.0,76.0,111.35,98.0,2.0,0.0,150000.0,Metro Tobalaba - Mall Costanera,2026-07-20,https://www.portalinmobiliario.com/MLC-2071201999-dupla-entre-seguridad-y-conformidad-algo-que-confortable-_JM
Hogar Ideal En Providencia: ¡visítalo Hoy Mismo!,4900.0,200139471.0,44.0,111.36,154.0,1.0,1.0,3.0,Las Lilas,2026-07-20,https://www.portalinmobiliario.com/MLC-2071206835-hogar-ideal-en-providencia-visitalo-hoy-mismo-_JM
Departamento En Venta De 2 Dorm. En Providencia,6850.0,279786812.0,61.0,112.3,98.0,2.0,1.0,130000.0,Las Lilas,2026-07-20,https://www.portalinmobiliario.com/MLC-4206499788-departamento-en-venta-de-2-dorm-en-providencia-_JM
Acogedor A Pasos De Patio Bellavista Y U. De Chile,3950.0,161336920.0,35.0,112.86,,1.0,1.0,,Bellavista,2026-07-18,https://www.portalinmobiliario.com/MLC-4198494344-acogedor-a-pasos-de-patio-bellavista-y-u-de-chile-_JM
Dario Urzua - Matilde Salamanca / Oriente,8700.0,355349673.0,77.0,112.99,98.0,2.0,1.0,240000.0,Pedro De Valdivia,2026-07-18,https://www.portalinmobiliario.com/MLC-2068810599-dario-urzua-matilde-salamanca-oriente-_JM
"Estupendo Departamento En El Corazón De Providencia, 2/d 2/b",6190.0,252829250.0,54.0,114.63,98.0,2.0,1.0,223000.0,Pedro De Valdivia,2026-07-18,https://www.portalinmobiliario.com/MLC-4201705848-estupendo-departamento-en-el-corazon-de-providencia-2d-2b-_JM
Amplio Departamento // Proyecto Luminus (130686),7473.0,305233116.0,65.0,114.97,84.0,2.0,0.0,150000.0,Inés De Suárez,2026-07-19,https://www.portalinmobiliario.com/MLC-2071198695-amplio-departamento-proyecto-luminus-130686-_JM
Finas Terminaciones (170769),9800.0,400278942.0,85.0,115.29,85.0,3.0,1.0,0.0,Inés De Suárez,2026-07-17,https://www.portalinmobiliario.com/MLC-4198194652-finas-terminaciones-170769-_JM
Departamento Ñuñoa/ Julio Prado,5800.0,236899782.0,50.0,116.0,,2.0,1.0,,Barrio Italia,2026-07-20,https://www.portalinmobiliario.com/MLC-1921702287-departamento-nunoa-julio-prado-_JM
Departamento En Venta De 3 Dorm. En Providencia,10237.0,418128115.0,88.0,116.33,94.0,3.0,1.0,220000.0,Pedro De Valdivia,2026-07-20,https://www.portalinmobiliario.com/MLC-4208896742-departamento-en-venta-de-3-dorm-en-providencia-_JM
"En El Dual Tus Ideas Forjan, Futuro Y Utilidad",9020.0,368420006.0,77.0,117.14,98.0,2.0,40.0,100000.0,Metro Tobalaba - Mall Costanera,2026-07-19,https://www.portalinmobiliario.com/MLC-2069469843-en-el-dual-tus-ideas-forjan-futuro-y-utilidad-_JM
2d 2b I 94 M2 I 1e I Club Providencia I Metro Bilbao,8500.0,347180715.0,72.0,118.06,104.0,2.0,1.0,100000.0,Metro Bilbao,2026-07-20,https://www.portalinmobiliario.com/MLC-3951901852-2d-2b-i-94-m2-i-1e-i-club-providencia-i-metro-bilbao-_JM
Vista Despejada Y Conectividad Total: Depto 1 D (175751),4250.0,173590358.0,36.0,118.06,154.0,1.0,1.0,125000.0,Los Leones,2026-07-18,https://www.portalinmobiliario.com/MLC-4201749850-vista-despejada-y-conectividad-total-depto-1-d-175751-_JM
"Gran Oportunidad, Precioso Depto, Con Excelente Ubicacion",8390.0,342687788.0,71.0,118.17,98.0,2.0,1.0,100000.0,Pedro De Valdivia,2026-07-19,https://www.portalinmobiliario.com/MLC-4203940056-gran-oportunidad-precioso-depto-con-excelente-ubicacion-_JM
Hermoso Departamento Con Todas Las Comodidades,7800.0,318589362.0,66.0,118.18,68.0,2.0,1.0,0.0,Salvador,2026-07-20,https://www.portalinmobiliario.com/MLC-2071200571-hermoso-departamento-con-todas-las-comodidades-_JM
Dp 1d Premium / Marcel Duhaut /. Las Lilas / Providencia,5095.0,208104205.0,43.0,118.49,154.0,1.0,0.0,120000.0,Las Lilas,2026-07-18,https://www.portalinmobiliario.com/MLC-3799590126-dp-1d-premium-marcel-duhaut-las-lilas-providencia-_JM
Espectacular Departamento En Providencia,9600.0,392109984.0,81.0,118.52,94.0,2.0,1.0,280000.0,Pedro De Valdivia,2026-07-18,https://www.portalinmobiliario.com/MLC-4201732530-espectacular-departamento-en-providencia-_JM
Se Vende Departamento Nuevo En Providencia 2hab/2 Baños/est.,9505.0,388229729.0,80.0,118.81,85.0,2.0,1.0,180000.0,Campus Oriente,2026-07-18,https://www.portalinmobiliario.com/MLC-4201731368-se-vende-departamento-nuevo-en-providencia-2hab2-banosest-_JM
Aqui Comienza Tu Independencia,4400.0,179717076.0,37.0,118.92,112.0,1.0,1.0,130000.0,,2026-07-20,https://www.portalinmobiliario.com/MLC-4208897538-aqui-comienza-tu-independencia-_JM
Moderno Dpto.para Vivir O Invertir (c/ Novación De Crédito),8350.0,341053996.0,70.0,119.29,,2.0,2.0,,Pedro De Valdivia,2026-07-17,https://www.portalinmobiliario.com/MLC-4146254652-moderno-dptopara-vivir-o-invertir-c-novacion-de-credito-_JM
Venta De Departamento En Providencia,9251.0,377855152.0,77.0,120.14,84.0,2.0,1.0,200000.0,Inés De Suárez,2026-07-18,https://www.portalinmobiliario.com/MLC-4198493640-venta-de-departamento-en-providencia-_JM
"Venta Depto 4 Pisos En Providencia, 2d 2b",10490.0,428461847.0,87.0,120.57,85.0,2.0,1.0,60000.0,Campus Oriente,2026-07-18,https://www.portalinmobiliario.com/MLC-4198500280-venta-depto-4-pisos-en-providencia-2d-2b-_JM
Matilde Salamanca - Silvina Hurtado / Plaza Ambrosio Del Río,6700.0,273660093.0,55.0,121.82,98.0,2.0,1.0,150000.0,Pedro De Valdivia,2026-07-18,https://www.portalinmobiliario.com/MLC-2068835567-matilde-salamanca-silvina-hurtado-plaza-ambrosio-del-rio-_JM
Se Vende Departamento Nuevo Providencia,1739.0,71029090.0,14.0,124.21,154.0,1.0,0.0,100000.0,Metro Tobalaba - Mall Costanera,2026-07-19,https://www.portalinmobiliario.com/MLC-4203939278-se-vende-departamento-nuevo-providencia-_JM
Duplex Con Patio A Estrenar | Barrio Manuel Montt,12069.0,492955771.0,97.0,124.42,,2.0,1.0,,Manuel Montt,2026-07-17,https://www.portalinmobiliario.com/MLC-2039819265-duplex-con-patio-a-estrenar-barrio-manuel-montt-_JM
Departamento En Venta De 1 Dorm. En Providencia,4290.0,175224149.0,34.0,126.18,154.0,1.0,1.0,80000.0,Pedro De Valdivia,2026-07-18,https://www.portalinmobiliario.com/MLC-4201715296-departamento-en-venta-de-1-dorm-en-providencia-_JM
Nuevo- Sin Comision (136104),9719.0,396970514.0,77.0,126.22,84.0,2.0,1.0,300000.0,Inés De Suárez,2026-07-17,https://www.portalinmobiliario.com/MLC-4198194932-nuevo-sin-comision-136104-_JM
Departamento En Venta De 2 Dorm. En Providencia,9400.0,383941026.0,74.0,127.03,84.0,2.0,1.0,250000.0,Inés De Suárez,2026-07-18,https://www.portalinmobiliario.com/MLC-4198201880-departamento-en-venta-de-2-dorm-en-providencia-_JM
Departamento En Venta En Inés De Suárez,11076.0,452396894.0,87.0,127.31,85.0,3.0,0.0,0.0,Inés De Suárez,2026-07-18,https://www.portalinmobiliario.com/MLC-2068831147-departamento-en-venta-en-ines-de-suarez-_JM
Sin Comisión! 3 Dormitorios Cercano Esc. Carabineros,10370.0,423560472.0,80.0,129.62,,3.0,1.0,,Inés De Suárez,2026-07-18,https://www.portalinmobiliario.com/MLC-4201749606-sin-comision-3-dormitorios-cercano-esc-carabineros-_JM
Sin Comisión! 3 Dormitorios Cercano Esc. Carabineros,12765.0,521383744.0,96.0,132.97,,3.0,1.0,,Inés De Suárez,2026-07-19,https://www.portalinmobiliario.com/MLC-4203943692-sin-comision-3-dormitorios-cercano-esc-carabineros-_JM
Departamento En Venta De 3 Dorm. 1 Estacionamiento 1 Bodega,12367.0,505127518.0,93.0,132.98,85.0,3.0,1.0,0.0,Campus Oriente,2026-07-17,https://www.portalinmobiliario.com/MLC-4196463872-departamento-en-venta-de-3-dorm-1-estacionamiento-1-bodega-_JM
Sin Comisión! 2 Dormitorios Cercano Esc. Carabineros,9802.0,400360632.0,73.0,134.27,,2.0,1.0,,Inés De Suárez,2026-07-19,https://www.portalinmobiliario.com/MLC-4203939852-sin-comision-2-dormitorios-cercano-esc-carabineros-_JM
Departamento 1 Dormitorio  En Venta Vista Despejada Oriente,5400.0,220561866.0,40.0,135.0,154.0,1.0,1.0,150000.0,Las Lilas,2026-07-20,https://www.portalinmobiliario.com/MLC-4029232686-departamento-1-dormitorio-en-venta-vista-despejada-oriente-_JM
Invertir O Independizarte Cara O Sello,10290.0,420292889.0,76.0,135.39,98.0,2.0,0.0,100000.0,Metro Tobalaba - Mall Costanera,2026-07-20,https://www.portalinmobiliario.com/MLC-4206491788-invertir-o-independizarte-cara-o-sello-_JM
Inversionistas - Vista Despejada Cerro San Cristóbal,8300.0,339011757.0,61.0,136.07,,2.0,1.0,,Bellavista,2026-07-17,https://www.portalinmobiliario.com/MLC-2013901701-inversionistas-vista-despejada-cerro-san-cristobal-_JM
Tipologia Alta Demanda Ideal Destinada A Ganar Bien,10488.0,428380158.0,77.0,136.21,98.0,2.0,0.0,100000.0,Metro Tobalaba - Mall Costanera,2026-07-20,https://www.portalinmobiliario.com/MLC-4206491802-tipologia-alta-demanda-ideal-destinada-a-ganar-bien-_JM
"Vive En Las Alturas, Penthouse 2d2b Providencia",9800.0,400278942.0,70.0,140.0,98.0,2.0,1.0,125000.0,Manuel Montt,2026-07-20,https://www.portalinmobiliario.com/MLC-2071200515-vive-en-las-alturas-penthouse-2d2b-providencia-_JM
"Compra Ahora, El Dinero No Duerme",10788.0,440633595.0,76.0,141.95,98.0,2.0,0.0,100000.0,Metro Tobalaba - Mall Costanera,2026-07-20,https://www.portalinmobiliario.com/MLC-2071203719-compra-ahora-el-dinero-no-duerme-_JM
Providencia Cerca De Tu Trabajo,10562.0,431402672.0,74.0,142.73,98.0,2.0,0.0,100000.0,Metro Tobalaba - Mall Costanera,2026-07-20,https://www.portalinmobiliario.com/MLC-2071203715-providencia-cerca-de-tu-trabajo-_JM
Sin Comisión! 3 Dormitorios Cerca Metro Inés De Suárez,12463.0,509048618.0,87.0,143.25,,3.0,1.0,,Campus Oriente,2026-07-17,https://www.portalinmobiliario.com/MLC-4118620706-sin-comision-3-dormitorios-cerca-metro-ines-de-suarez-_JM
Se Vende Departamento Nuevo En Providencia 3 Hab/3banos/est.,12630.0,515869698.0,87.0,145.17,85.0,3.0,1.0,250000.0,Campus Oriente,2026-07-18,https://www.portalinmobiliario.com/MLC-4201731384-se-vende-departamento-nuevo-en-providencia-3-hab3banosest-_JM
Departamento En Venta De 2 Dorm. 1est. 1bod En Providencia,8700.0,355349673.0,59.0,147.46,78.0,2.0,1.0,0.0,Inés De Suárez,2026-07-17,https://www.portalinmobiliario.com/MLC-2066619369-departamento-en-venta-de-2-dorm-1est-1bod-en-providencia-_JM
Departamento Bilbao-metro Inés De Suárez,12290.0,501982469.0,82.0,149.88,,3.0,1.0,,Inés De Suárez,2026-07-17,https://www.portalinmobiliario.com/MLC-4138510700-departamento-bilbao-metro-ines-de-suarez-_JM
Dr. Manuel Barros Borgoño /u. Mayor (171115),12000.0,490137480.0,80.0,150.0,94.0,2.0,2.0,130000.0,Manuel Montt,2026-07-18,https://www.portalinmobiliario.com/MLC-4201714918-dr-manuel-barros-borgono-u-mayor-171115-_JM
"Reserve, Cien Mil Pesos Chilenos  Aseguran El Precio",6300.0,257322177.0,42.0,150.0,154.0,1.0,0.0,100000.0,Metro Tobalaba - Mall Costanera,2026-07-20,https://www.portalinmobiliario.com/MLC-2071204605-reserve-cien-mil-pesos-chilenos-aseguran-el-precio-_JM
Dúplex 2d/3b Con Azotea Privada | Barrio Las Lilas,10000.0,408447900.0,66.0,151.52,,2.0,1.0,,Las Lilas,2026-07-17,https://www.portalinmobiliario.com/MLC-4111973916-duplex-2d3b-con-azotea-privada-barrio-las-lilas-_JM
Sin Comisión! 3 Dormitorios Con Rooftop,14628.0,597477588.0,96.0,152.38,,3.0,1.0,,Inés De Suárez,2026-07-18,https://www.portalinmobiliario.com/MLC-4201737894-sin-comision-3-dormitorios-con-rooftop-_JM
Departamento 1d 1b 1e 1b Providencia-metro Inés De Suárez,5190.0,211984460.0,34.0,152.65,,1.0,1.0,,Inés De Suárez,2026-07-17,https://www.portalinmobiliario.com/MLC-4120770218-departamento-1d-1b-1e-1b-providencia-metro-ines-de-suarez-_JM
Departamento En Venta De 1 Dorm. En Providencia,6000.0,245068740.0,37.0,162.16,112.0,1.0,1.0,90000.0,Inés De Suárez,2026-07-19,https://www.portalinmobiliario.com/MLC-4201741164-departamento-en-venta-de-1-dorm-en-providencia-_JM
Depto Piso 7: Luz Nor-oriente Y Vistas (171572),15326.0,625987252.0,93.0,164.8,85.0,3.0,2.0,250000.0,Inés De Suárez,2026-07-20,https://www.portalinmobiliario.com/MLC-2072644569-depto-piso-7-luz-nor-oriente-y-vistas-171572-_JM
Sin Comisión!  Dúplex Con Terraza Metro Inés De Suárez,14915.0,609200043.0,83.0,179.7,,3.0,1.0,,Campus Oriente,2026-07-17,https://www.portalinmobiliario.com/MLC-2011941299-sin-comision-duplex-con-terraza-metro-ines-de-suarez-_JM
Sin Comisión!  Dúplex Con Terraza Metro Inés De Suárez,14915.0,609200043.0,83.0,179.7,,3.0,1.0,,Campus Oriente,2026-07-19,https://www.portalinmobiliario.com/MLC-4203939184-sin-comision-duplex-con-terraza-metro-ines-de-suarez-_JM
Santa María De Manquehue,37500.0,1531679625.0,60.0,625.0,68.0,3.0,4.0,700000.0,Bellavista,2026-07-18,https://www.portalinmobiliario.com/MLC-2068822355-santa-maria-de-manquehue-_JM
Departamento En Venta De 2 Dorm. En Providencia,6250.0,255279938.0,4.0,1562.5,154.0,2.0,1.0,100000.0,Pedro De Valdivia,2026-07-19,https://www.portalinmobiliario.com/MLC-1900721467-departamento-en-venta-de-2-dorm-en-providencia-_JM
Venta De Hermoso Departamento En Providencia,3400.0,138872286.0,1.0,3400.0,154.0,1.0,0.0,70000.0,Manuel Montt,2026-07-19,https://www.portalinmobiliario.com/MLC-4203939044-venta-de-hermoso-departamento-en-providencia-_JM
Impecable Departamento En Providencia,6669.0,272393905.0,1.0,6669.0,82.0,4.0,0.0,55000.0,Plaza Italia,2026-07-18,https://www.portalinmobiliario.com/MLC-4201732822-impecable-departamento-en-providencia-_JM
